City_ID,City,Country,Lat,Lng,Max Temp,Humidity,Cloudiness,Wind Speed,Current Description
0,Makamba,BI,-4.1348,29.804,63.34,85,100,2.08,overcast clouds
1,Hermanus,ZA,-34.4187,19.2345,56.8,90,95,3.98,light rain
2,Dikson,RU,73.5069,80.5464,29.46,83,67,3.49,broken clouds
3,Ponta Do Sol,PT,32.6667,-17.1,65.01,74,89,4.88,overcast clouds
4,Hilo,US,19.7297,-155.09,79.29,76,75,8.05,light rain
5,Jamestown,US,42.097,-79.2353,63.99,78,0,17.27,clear sky
6,Kapaa,US,22.0752,-159.319,78.78,77,40,12.66,scattered clouds
7,Grants Pass,US,42.439,-123.3284,72.91,56,0,9.22,clear sky
8,Atambua,ID,-9.1061,124.8925,85.48,57,79,2.17,broken clouds
9,Nuevitas,CU,21.5453,-77.2644,77.18,78,9,11.74,clear sky
10,Ambon,ID,-3.6954,128.1814,89.74,62,40,4.61,scattered clouds
11,Coquimbo,CL,-29.9533,-71.3436,53.33,100,75,2.3,mist
12,Makakilo City,US,21.3469,-158.0858,77.32,57,0,12.66,clear sky
13,Gamba,GA,-2.65,10.0,72.73,92,74,5.1,broken clouds
14,Arlit,NE,18.7369,7.3853,84.52,25,46,7.02,scattered clouds
15,Mahebourg,MU,-20.4081,57.7,79.09,69,40,8.05,scattered clouds
16,Tiznit,MA,29.5833,-9.5,65.66,50,86,1.03,overcast clouds
17,Santa Flavia,IT,38.085,13.5351,74.3,75,88,5.99,overcast clouds
18,Vaini,TO,-21.2,-175.2,77.16,88,20,4.61,few clouds
19,Bredasdorp,ZA,-34.5322,20.0403,58.17,91,100,1.34,overcast clouds
20,Kruisfontein,ZA,-34.0033,24.7314,55.89,90,54,6.87,light rain
21,Norman Wells,CA,65.282,-126.8329,48.24,87,75,5.75,light rain
22,Saint-Joseph,RE,-21.3667,55.6167,77.38,66,7,4.59,clear sky
23,Sao Filipe,CV,14.8961,-24.4956,71.22,79,9,6.76,clear sky
24,Shihezi,CN,44.3,86.0333,89.24,26,100,16.82,light rain
25,Rikitea,PF,-23.1203,-134.9692,75.4,74,3,5.1,clear sky
26,Chuy,UY,-33.6971,-53.4616,55.33,90,96,12.1,overcast clouds
27,Tiksi,RU,71.6872,128.8694,27.77,75,97,9.24,overcast clouds
28,Hit,IQ,33.6416,42.8251,81.5,16,0,8.1,clear sky
29,Hobart,AU,-42.8794,147.3294,62.26,75,75,3.44,broken clouds
30,Shingu,JP,33.7333,135.9833,70.66,88,100,6.35,overcast clouds
31,Pangnirtung,CA,66.1451,-65.7125,3.69,96,95,8.61,overcast clouds
32,Busselton,AU,-33.65,115.3333,64.78,57,16,4.63,few clouds
33,Jumla,NP,29.2747,82.1838,67.89,39,76,5.21,broken clouds
34,Butaritari,KI,3.0707,172.7902,81.59,73,75,14.05,broken clouds
35,Shebunino,RU,46.4339,141.8603,59.56,67,52,5.59,broken clouds
36,Ribeira Grande,PT,38.5167,-28.7,61.72,76,8,18.28,clear sky
37,Cherskiy,RU,68.75,161.3,42.85,57,7,19.48,clear sky
38,Kloulklubed,PW,7.0419,134.2556,82.9,79,100,18.16,overcast clouds
39,Ushuaia,AR,-54.8,-68.3,38.86,87,40,32.21,scattered clouds
40,Qaanaaq,GL,77.484,-69.3632,13.8,81,44,5.61,scattered clouds
41,Faanui,PF,-16.4833,-151.75,81.14,68,7,15.19,clear sky
42,Laguna,US,38.421,-121.4238,84.34,35,0,9.22,clear sky
43,Koygorodok,RU,60.445,50.9968,45.64,65,53,6.33,broken clouds
44,Nabire,ID,-3.3667,135.4833,79.29,89,100,3.96,overcast clouds
45,Hobyo,SO,5.3505,48.5268,82.99,66,94,21.54,overcast clouds
46,Punta Arenas,CL,-53.15,-70.9167,39.31,81,20,27.63,few clouds
47,Mataura,NZ,-46.1927,168.8643,48.47,87,31,0.43,scattered clouds
48,Georgetown,MY,5.4112,100.3354,89.53,62,20,4.61,few clouds
49,Taltal,CL,-25.4,-70.4833,58.84,79,71,1.19,broken clouds
50,Castro,BR,-24.7911,-50.0119,51.85,82,0,3.24,clear sky
51,Almaznyy,RU,48.0448,40.045,59.54,65,92,9.13,overcast clouds
52,Prisacani,RO,47.0833,27.8833,62.22,95,70,12.71,broken clouds
53,Westport,US,41.1415,-73.3579,55.08,82,0,3.0,clear sky
54,Saskylakh,RU,71.9167,114.0833,30.0,86,94,12.06,overcast clouds
55,Ilulissat,GL,69.2167,-51.1,35.62,51,20,9.22,few clouds
56,Jiuquan,CN,39.7432,98.5174,79.74,17,100,10.8,overcast clouds
57,Mehamn,NO,71.0357,27.8492,51.71,58,26,10.85,scattered clouds
58,Aksha,RU,50.2814,113.2867,80.11,14,1,12.64,clear sky
59,Mar Del Plata,AR,-38.0023,-57.5575,43.95,76,40,5.99,scattered clouds
60,Tuatapere,NZ,-46.1333,167.6833,45.12,78,24,1.23,few clouds
61,Lompoc,US,34.6391,-120.4579,60.57,89,100,4.0,fog
62,Barrow,US,71.2906,-156.7887,33.82,86,0,10.36,clear sky
63,Cape Town,ZA,-33.9258,18.4232,63.37,93,75,3.44,broken clouds
64,Poum,NC,-20.2333,164.0167,76.77,74,58,3.94,broken clouds
65,East London,ZA,-33.0153,27.9116,59.94,77,0,5.75,clear sky
66,Rocha,UY,-34.4833,-54.3333,51.8,86,100,10.67,overcast clouds
67,Bethel,US,41.3712,-73.414,54.64,81,0,0.0,clear sky
68,Aitape,PG,-3.1374,142.3475,84.74,71,98,8.59,overcast clouds
69,Isangel,VU,-19.55,169.2667,79.52,73,17,2.8,few clouds
70,Avarua,CK,-21.2078,-159.775,75.25,83,66,2.3,haze
71,Geraldton,AU,-28.7667,114.6,77.41,44,3,14.97,clear sky
72,Bluff,NZ,-46.6,168.3333,48.79,66,33,3.13,scattered clouds
73,Samfya,ZM,-11.3649,29.5565,57.81,78,41,4.16,scattered clouds
74,Kineshma,RU,57.4391,42.1289,45.5,80,85,7.9,overcast clouds
75,Dawei,MM,14.0833,98.2,82.99,82,100,5.77,overcast clouds
76,College,US,64.8569,-147.8028,69.75,34,75,11.5,broken clouds
77,Katherine,AU,-14.4667,132.2667,91.72,21,30,11.5,scattered clouds
78,Antalaha,MG,-14.9003,50.2788,75.34,73,7,5.08,clear sky
79,Leh,IN,34.1667,77.5833,54.28,25,32,4.72,scattered clouds
80,Cao Bang,VN,22.6667,106.25,85.96,79,82,3.56,broken clouds
81,Saldanha,ZA,-33.0117,17.9442,57.25,93,0,2.98,clear sky
82,Vao,NC,-22.6667,167.4833,74.93,73,23,3.62,few clouds
83,Rio Grande,BR,-32.035,-52.0986,59.95,98,100,6.89,light rain
84,Pisco,PE,-13.7,-76.2167,59.05,88,100,2.3,mist
85,Moindou,NC,-21.6924,165.677,77.0,70,32,7.49,scattered clouds
86,Panguiranan,PH,12.0699,123.3185,86.63,68,100,12.33,overcast clouds
87,Lebu,CL,-37.6167,-73.65,44.98,82,15,14.9,few clouds
88,New Norfolk,AU,-42.7826,147.0587,61.92,78,100,1.01,overcast clouds
89,Saint George,US,37.1041,-113.5841,82.99,17,0,0.0,clear sky
90,Leningradskiy,RU,69.3833,178.4167,39.56,82,91,6.2,overcast clouds
91,Manuk Mangkaw,PH,4.8,119.85,84.0,70,99,7.25,overcast clouds
92,Gobabis,NA,-22.45,18.9667,52.02,37,0,6.64,clear sky
93,Astorga,BR,-23.2325,-51.6656,57.88,72,1,7.99,clear sky
94,Iskateley,RU,67.6803,53.1512,54.21,64,98,19.73,overcast clouds
95,Kuvandyk,RU,51.4781,57.3552,52.14,67,9,12.48,clear sky
96,San Patricio,US,28.017,-97.5169,78.66,80,22,6.02,few clouds
97,Shiloh,US,38.5614,-89.8973,70.92,86,75,9.22,broken clouds
98,Provideniya,RU,64.3833,-173.3,32.11,100,75,8.95,fog
99,Khash,IR,28.2211,61.2158,86.81,13,0,1.99,clear sky
100,Albany,US,42.6001,-73.9662,61.56,69,100,6.38,overcast clouds
101,Port Alfred,ZA,-33.5906,26.891,62.04,85,93,10.71,light rain
102,Esperance,AU,-33.8667,121.9,65.52,58,8,6.15,clear sky
103,Tiarei,PF,-17.5333,-149.3333,78.82,74,7,13.65,clear sky
104,Naze,JP,28.3667,129.4833,76.12,74,79,10.58,broken clouds
105,Kahului,US,20.8947,-156.47,75.22,71,20,11.5,few clouds
106,Atuona,PF,-9.8,-139.0333,78.24,76,13,19.48,light rain
107,Berlevag,NO,70.8578,29.0864,51.75,58,52,9.22,broken clouds
108,Acajutla,SV,13.5928,-89.8275,80.44,77,100,6.8,overcast clouds
109,Tasiilaq,GL,65.6145,-37.6368,33.96,78,96,2.39,overcast clouds
110,Castelo,BR,-20.6036,-41.1847,61.86,94,10,3.0,clear sky
111,Tessalit,ML,20.1986,1.0114,84.72,29,89,5.26,overcast clouds
112,Yellowknife,CA,62.456,-114.3525,48.72,40,20,3.44,few clouds
113,Ornskoldsvik,SE,63.2909,18.7153,47.35,100,100,4.61,overcast clouds
114,Sioux Lookout,CA,50.1001,-91.917,48.27,93,100,3.44,light rain
115,Buraydah,SA,26.326,43.975,84.65,14,21,15.01,few clouds
116,Maniitsoq,GL,65.4167,-52.9,32.76,62,64,12.95,broken clouds
117,Komsomolskiy,UZ,40.4272,71.7189,86.72,28,47,0.0,scattered clouds
118,Huilong,CN,31.8111,121.655,69.76,79,100,7.45,light rain
119,Gat,IL,31.61,34.7642,70.09,58,0,7.34,clear sky
120,Ancud,CL,-41.8697,-73.8203,38.12,77,3,5.79,clear sky
121,Price,US,39.5994,-110.8107,66.11,23,0,11.5,clear sky
122,Lampang,TH,18.3333,99.5,95.79,47,20,8.05,few clouds
123,Udachnyy,RU,66.4167,112.4,37.38,49,100,14.67,overcast clouds
124,Mnogovershinnyy,RU,53.9353,139.9242,43.25,75,96,7.29,overcast clouds
125,Smithers,CA,54.7804,-127.1743,46.72,93,100,0.0,light rain
126,Moscow,RU,55.7522,37.6156,54.14,62,94,3.38,overcast clouds
127,Nagtipunan,PH,16.2167,121.6,93.63,49,98,5.03,overcast clouds
128,Maningrida,AU,-12.0667,134.2667,90.34,34,100,6.11,overcast clouds
129,Nikolayevsk-Na-Amure,RU,53.1406,140.73,64.49,56,97,6.85,overcast clouds
130,Arraial Do Cabo,BR,-22.9661,-42.0278,71.33,80,0,18.99,clear sky
131,Ipora,BR,-16.4419,-51.1178,60.19,57,21,5.73,few clouds
132,Bakaly,RU,55.1789,53.8028,48.85,69,0,11.95,clear sky
133,Antofagasta,CL,-23.65,-70.4,58.28,81,44,2.93,scattered clouds
134,Ponca City,US,36.707,-97.0856,53.62,96,100,9.22,light rain
135,Winnemucca,US,40.973,-117.7357,59.05,29,0,4.61,clear sky
136,Les Cayes,HT,18.2,-73.75,76.48,84,14,2.95,few clouds
137,Ahuimanu,US,21.4447,-157.8378,78.51,65,20,12.66,few clouds
138,Hasaki,JP,35.7333,140.8333,79.29,72,97,13.0,overcast clouds
139,Hirara,JP,24.8,125.2833,77.27,94,75,6.91,shower rain
140,Yerbogachen,RU,61.2767,108.0108,50.65,40,100,13.58,overcast clouds
141,Necochea,AR,-38.5473,-58.7368,44.06,68,16,6.2,few clouds
142,Cravo Norte,CO,6.3017,-70.2041,75.31,94,91,4.94,overcast clouds
143,Clyde River,CA,70.4692,-68.5914,16.03,86,100,20.71,overcast clouds
144,Bonnyville,CA,54.2668,-110.735,55.2,83,65,2.53,broken clouds
145,Port Macquarie,AU,-31.4333,152.9167,66.88,80,37,3.62,scattered clouds
146,Alofi,NU,-19.0595,-169.9187,76.89,88,74,5.75,broken clouds
147,Bolgatanga,GH,10.7856,-0.8514,80.15,71,92,6.46,overcast clouds
148,La Ronge,CA,55.1001,-105.2842,52.05,58,75,11.5,broken clouds
149,Cockburn Town,TC,21.4612,-71.1419,79.07,75,5,18.28,clear sky
150,Mount Gambier,AU,-37.8333,140.7667,58.6,84,66,8.93,broken clouds
151,Ghanzi,BW,-21.5667,21.7833,52.03,56,0,1.41,clear sky
152,Victoria,HK,22.2855,114.1577,87.96,87,52,7.0,broken clouds
153,Khatanga,RU,71.9667,102.5,34.14,63,34,9.22,scattered clouds
154,Kalulushi,ZM,-12.8378,28.0919,52.9,72,0,1.7,clear sky
155,Guadalupe Y Calvo,MX,26.1,-106.9667,51.58,61,0,4.65,clear sky
156,Kodiak,US,57.79,-152.4072,53.11,66,0,4.61,clear sky
157,Voh,NC,-20.9667,164.7,77.97,70,56,4.65,broken clouds
158,Yulara,AU,-25.2406,130.9889,74.88,35,6,8.72,clear sky
159,Tuktoyaktuk,CA,69.4541,-133.0374,41.0,65,40,5.75,scattered clouds
160,Harper,LR,4.375,-7.7169,77.99,82,96,5.64,overcast clouds
161,Faya,SA,18.3851,42.4509,72.12,21,16,4.09,few clouds
162,Wagar,SD,16.1525,36.2032,89.19,14,39,5.88,scattered clouds
163,Cidreira,BR,-30.1811,-50.2056,65.66,91,100,7.61,overcast clouds
164,Kedougou,SN,12.5579,-12.1743,81.45,60,99,4.18,overcast clouds
165,Chokurdakh,RU,70.6333,147.9167,32.34,65,91,9.44,overcast clouds
166,Mecca,SA,21.4267,39.8261,93.25,11,7,8.77,clear sky
167,Rovaniemi,FI,66.5,25.7167,53.01,50,0,10.36,clear sky
168,Quatre Cocos,MU,-20.2078,57.7625,79.09,65,36,10.8,scattered clouds
169,Houma,US,29.5958,-90.7195,70.0,98,40,0.0,scattered clouds
170,Longyearbyen,SJ,78.2186,15.6401,42.64,75,0,4.61,clear sky
171,Cabo San Lucas,MX,22.8909,-109.9124,73.62,71,0,1.01,clear sky
172,Lavrentiya,RU,65.5833,-171.0,39.92,85,100,7.45,overcast clouds
173,Keetmanshoop,NA,-26.5833,18.1333,55.81,36,0,0.2,clear sky
174,Beloha,MG,-25.1667,45.05,69.13,80,0,3.6,clear sky
175,Nome,US,64.5011,-165.4064,48.16,76,0,13.8,clear sky
176,Morant Bay,JM,17.8815,-76.4093,80.22,85,21,10.67,few clouds
177,At-Bashi,KG,41.1702,75.8106,66.04,32,5,3.47,clear sky
178,Husavik,IS,66.0449,-17.3389,40.59,97,100,12.73,overcast clouds
179,Goulburn,AU,-34.75,149.7167,61.03,61,30,5.73,scattered clouds
180,Egvekinot,RU,66.3167,-179.1667,42.8,68,93,7.07,overcast clouds
181,Angoram,PG,-4.0625,144.0661,87.21,62,99,2.86,overcast clouds
182,Kaitangata,NZ,-46.2817,169.8464,46.13,75,78,6.38,broken clouds
183,Ulladulla,AU,-35.35,150.4667,65.77,57,88,7.14,overcast clouds
184,Sambava,MG,-14.2667,50.1667,74.59,74,4,6.73,clear sky
185,Bonavista,CA,48.6499,-53.1147,43.95,83,83,11.41,broken clouds
186,Acapulco,MX,16.8634,-99.8901,82.22,74,75,4.61,broken clouds
187,Vrangel,RU,42.7297,133.0839,51.66,93,100,18.77,overcast clouds
188,Taoudenni,ML,22.6783,-3.9836,88.18,13,46,8.21,scattered clouds
189,Srednekolymsk,RU,67.45,153.6833,51.51,47,67,17.4,broken clouds
190,Nouadhibou,MR,20.931,-17.0347,64.38,94,1,14.97,clear sky
191,Charters Towers,AU,-20.1,146.2667,77.9,41,15,11.5,few clouds
192,Sorland,NO,67.667,12.6934,46.26,85,85,4.88,overcast clouds
193,Baykit,RU,61.67,96.37,60.42,40,15,8.14,few clouds
194,Katsuura,JP,35.1333,140.3,70.72,72,99,11.88,overcast clouds
195,Sao Jose Da Coroa Grande,BR,-8.8978,-35.1478,75.72,88,83,10.4,broken clouds
196,Sola,VU,-13.8833,167.55,81.3,72,18,11.23,few clouds
197,Segovia,ES,41.1667,-4.0,42.44,86,5,1.9,clear sky
198,Restrepo,CO,3.822,-76.5224,68.34,96,100,2.39,moderate rain
199,Adrar,MR,20.5022,-10.0711,82.83,29,0,10.11,clear sky
200,Shepsi,RU,44.0361,39.1489,60.21,67,30,2.42,scattered clouds
201,Semme,FR,46.1963,1.5007,52.21,99,17,2.62,few clouds
202,Roald,NO,62.5833,6.1333,54.16,87,75,3.44,broken clouds
203,Freeport,US,40.6576,-73.5832,57.38,72,0,3.44,clear sky
204,Saint-Philippe,RE,-21.3585,55.7679,78.39,73,15,8.21,few clouds
205,Pacific Grove,US,36.6177,-121.9166,55.51,91,75,8.01,broken clouds
206,North Bend,US,43.4065,-124.2243,57.85,97,0,10.36,clear sky
207,Santa Cruz Del Sur,CU,20.7147,-77.9956,74.88,87,45,13.91,scattered clouds
208,Vanimo,PG,-2.6741,141.3028,83.57,74,98,6.11,overcast clouds
209,Namibe,AO,-15.1961,12.1522,66.16,71,0,6.33,clear sky
210,Lorengau,PG,-2.0226,147.2712,84.51,66,100,1.3,overcast clouds
211,Carutapera,BR,-1.195,-46.02,72.93,96,25,4.88,scattered clouds
212,Codrington,AU,-38.2667,141.9667,59.77,81,97,9.28,overcast clouds
213,Bambous Virieux,MU,-20.3428,57.7575,79.21,69,40,8.05,scattered clouds
214,Nanortalik,GL,60.1432,-45.2371,34.74,72,12,6.87,few clouds
215,Marawi,PH,7.9986,124.2928,76.24,83,85,2.75,overcast clouds
216,Altamira,BR,-3.2033,-52.2064,70.65,93,31,2.39,scattered clouds
217,Matamoros,MX,25.5333,-103.25,74.59,39,0,5.95,clear sky
218,Mangai,CD,-4.05,19.5333,68.23,95,88,0.94,overcast clouds
219,Ternate,ID,0.8,127.4,85.21,65,55,4.99,broken clouds
220,Gomel,BY,52.4345,30.9754,56.82,94,100,4.47,light intensity shower rain
221,Avera,US,33.194,-82.5271,73.54,90,100,9.24,overcast clouds
222,Haines Junction,CA,60.7522,-137.5108,47.55,67,95,4.14,overcast clouds
223,Ishigaki,JP,24.3448,124.1572,78.93,100,75,4.61,broken clouds
224,Muravlenko,RU,63.7898,74.523,59.58,39,100,16.4,overcast clouds
225,Agropoli,IT,40.3469,14.9966,72.09,42,79,4.32,broken clouds
226,Upernavik,GL,72.7868,-56.1549,25.47,60,97,7.63,overcast clouds
227,Konigs Wusterhausen,DE,52.3014,13.633,62.02,66,0,11.5,clear sky
228,Puerto Narino,CO,-3.7703,-70.3831,71.15,98,65,1.34,moderate rain
229,Kununurra,AU,-15.7667,128.7333,94.98,20,43,14.97,scattered clouds
230,Anloga,GH,5.7947,0.8973,80.42,80,87,7.85,overcast clouds
231,Yumen,CN,40.2833,97.2,78.58,13,100,20.47,overcast clouds
232,Mitsamiouli,KM,-11.3847,43.2844,79.9,71,4,5.48,clear sky
233,Cayenne,GF,4.9333,-52.3333,82.09,1,75,2.3,broken clouds
234,Kawalu,ID,-7.3817,108.2082,83.25,66,100,2.59,overcast clouds
235,Bubaque,GW,11.2833,-15.8333,77.83,77,100,4.79,overcast clouds
236,Altamont,US,42.2068,-121.7372,64.24,34,0,3.44,clear sky
237,Carnarvon,AU,-24.8667,113.6333,76.14,39,100,3.22,overcast clouds
238,Aden,YE,12.7794,45.0367,85.5,72,57,5.28,broken clouds
239,Mantua,IT,45.1667,10.7833,67.95,83,1,1.99,clear sky
240,Lagoa,PT,39.05,-27.9833,60.73,75,3,17.38,clear sky
241,Rabo De Peixe,PT,37.8,-25.5833,63.28,85,75,4.61,broken clouds
242,Port Elizabeth,ZA,-33.918,25.5701,59.29,100,75,8.05,light rain
243,Tateyama,JP,34.9833,139.8667,70.02,74,100,11.95,overcast clouds
244,Fortuna,US,40.5982,-124.1573,52.09,92,100,6.91,overcast clouds
245,Vila,PT,42.0304,-8.1588,47.28,90,15,4.79,few clouds
246,Mercedes,AR,-34.6515,-59.4307,40.78,91,35,7.4,scattered clouds
247,Inhambane,MZ,-23.865,35.3833,67.37,86,0,4.18,clear sky
248,Thaba-Tseka,LS,-29.522,28.6084,39.38,72,0,4.45,clear sky
249,Oudtshoorn,ZA,-33.5907,22.2014,53.96,87,46,1.74,scattered clouds
250,Skjervoy,NO,70.0311,20.9714,62.6,66,73,17.31,broken clouds
251,Bilibino,RU,68.0546,166.4372,56.75,42,100,7.74,light rain
252,Rio Cuarto,AR,-33.1307,-64.3499,47.48,70,100,3.71,overcast clouds
253,Bongor,TD,10.2806,15.3722,81.16,61,60,7.67,broken clouds
254,Camargo,MX,27.6667,-105.1667,75.43,11,0,4.68,clear sky
255,Buta,CD,2.7858,24.73,68.95,99,100,1.14,overcast clouds
256,Kingman,US,35.1894,-114.053,83.68,10,0,11.5,clear sky
257,Xuddur,SO,4.1213,43.8894,77.05,66,85,17.49,overcast clouds
258,Samarina,RU,57.8878,27.8054,55.29,95,100,11.27,overcast clouds
259,Anito,PH,12.4497,125.2886,87.87,63,95,8.61,overcast clouds
260,Yago,MX,21.8333,-105.0667,70.99,82,0,1.25,clear sky
261,Meulaboh,ID,4.1363,96.1285,86.92,62,60,9.08,broken clouds
262,Hithadhoo,MV,-0.6,73.0833,83.73,65,54,5.59,broken clouds
263,Waitati,NZ,-45.75,170.5667,44.8,60,36,4.72,scattered clouds
264,Vila Franca Do Campo,PT,37.7167,-25.4333,64.2,78,71,5.86,broken clouds
265,Roebourne,AU,-20.7833,117.1333,82.94,46,74,12.5,broken clouds
266,Vangaindrano,MG,-23.35,47.6,70.83,85,4,4.12,clear sky
267,Chervonohryhorivka,UA,47.623,34.5389,62.04,58,33,14.0,scattered clouds
268,Tuscaloosa,US,33.2098,-87.5692,69.58,93,75,5.75,moderate rain
269,Karratha,AU,-20.7377,116.8463,82.9,50,77,12.82,broken clouds
270,Panaba,MX,21.2833,-88.2667,76.66,87,29,10.36,scattered clouds
271,Tabou,CI,4.423,-7.3528,77.92,83,81,5.46,light rain
272,Priargunsk,RU,50.3691,119.1012,81.21,13,1,8.86,clear sky
273,Teahupoo,PF,-17.8333,-149.2667,73.36,72,23,11.83,few clouds
274,Aykhal,RU,66.0,111.5,34.38,60,100,16.73,overcast clouds
275,Whitehorse,CA,60.7161,-135.0538,49.01,49,75,10.36,broken clouds
276,Luganville,VU,-15.5333,167.1667,81.09,73,28,4.52,scattered clouds
277,Bousso,TD,10.4795,16.7117,83.21,53,81,5.84,broken clouds
278,Itoman,JP,26.1247,127.6694,77.4,94,75,3.44,broken clouds
279,Puerto Ayora,EC,-0.7393,-90.3518,72.55,94,30,4.0,scattered clouds
280,Loubomo,CG,-4.1997,12.6739,67.75,98,70,1.79,light rain
281,Pinhao,BR,-25.6956,-51.6597,51.1,90,1,3.18,clear sky
282,Marsa Matruh,EG,31.3525,27.2453,71.13,61,0,4.88,clear sky
283,Natitingou,BJ,10.3042,1.3796,71.85,89,89,3.96,overcast clouds
284,Iqaluit,CA,63.7506,-68.5145,8.33,78,20,6.91,few clouds
285,Talnakh,RU,69.4865,88.3972,34.21,58,7,2.89,clear sky
286,Terme,TR,41.2092,36.9739,60.73,67,0,4.0,clear sky
287,Taunton,GB,51.0211,-3.1047,57.22,83,83,5.99,broken clouds
288,Prince Rupert,CA,54.3161,-130.3201,49.69,90,100,5.75,overcast clouds
289,Hokitika,NZ,-42.7167,170.9667,53.67,68,20,5.61,few clouds
290,Derzhavinsk,KZ,51.1,66.3167,81.77,27,16,17.38,few clouds
291,Kalaleh,IR,37.3807,55.4916,66.56,77,100,6.91,overcast clouds
292,Ormara,PK,25.2088,64.6357,83.84,78,96,11.86,overcast clouds
293,Dunedin,NZ,-45.8742,170.5036,44.8,60,67,4.0,broken clouds
294,Husainabad,IN,24.5333,84.0167,102.0,16,6,8.28,clear sky
295,Coahuayana,MX,18.7333,-103.6833,72.95,91,100,0.09,overcast clouds
296,Ankpa,NG,7.3706,7.6253,70.61,96,93,4.54,light rain
297,Hambantota,LK,6.1241,81.1185,82.74,94,75,11.5,thunderstorm
298,General Pico,AR,-35.6566,-63.7568,37.85,79,2,5.57,clear sky
299,Lazaro Cardenas,MX,17.9583,-102.2,77.56,79,83,2.37,broken clouds
300,Vestmannaeyjar,IS,63.4427,-20.2734,44.56,80,43,9.78,scattered clouds
301,Victor Harbor,AU,-35.5667,138.6167,61.68,75,41,9.22,scattered clouds
302,Mount Isa,AU,-20.7333,139.5,82.17,21,0,13.8,clear sky
303,Nikolskoye,RU,59.7035,30.7861,51.87,57,93,7.36,light rain
304,Severomorsk,RU,69.0689,33.4162,54.0,61,39,8.23,scattered clouds
305,San Juan,AR,-31.5375,-68.5364,46.78,69,99,4.43,overcast clouds
306,Mishan,CN,45.55,131.8833,63.73,75,100,17.94,light rain
307,Zolotukhino,RU,52.0842,36.3772,62.67,80,80,7.56,broken clouds
308,Hamilton,US,39.1834,-84.5333,74.25,81,40,13.8,scattered clouds
309,Ust-Nera,RU,64.5667,143.2,49.44,62,92,9.48,light rain
310,Almeirim,BR,-1.5233,-52.5817,73.08,95,35,2.42,scattered clouds
311,Severo-Kurilsk,RU,50.6789,156.125,41.36,94,96,7.76,overcast clouds
312,Badarpur,IN,24.9,92.6,84.87,74,11,4.54,few clouds
313,Huari,PE,-9.3333,-77.2333,42.15,92,96,4.25,overcast clouds
314,Port Hardy,CA,50.6996,-127.4199,48.2,93,20,6.91,few clouds
315,San Javier,ES,37.8063,-0.8374,64.58,74,20,5.01,few clouds
316,Batagay-Alyta,RU,67.8006,130.4114,27.86,82,96,15.05,overcast clouds
317,Yatou,CN,37.15,122.3833,77.34,28,0,17.31,clear sky
318,Songea,TZ,-10.6833,35.65,63.19,86,0,1.77,clear sky
319,Rio Gallegos,AR,-51.6226,-69.2181,41.05,65,0,20.71,clear sky
320,San-Pedro,CI,4.7485,-6.6363,75.34,91,94,1.77,moderate rain
321,The Valley,AI,18.217,-63.0578,80.46,72,92,13.73,overcast clouds
322,Gashua,NG,12.871,11.0482,78.01,14,0,4.45,clear sky
323,Alta Floresta,BR,-9.8756,-56.0861,71.51,70,62,3.65,broken clouds
324,La Asuncion,VE,11.0333,-63.8628,78.53,94,100,11.5,overcast clouds
325,Port Lincoln,AU,-34.7333,135.8667,62.53,65,21,11.45,few clouds
326,Majagual,CO,8.5389,-74.6204,74.91,99,100,3.33,overcast clouds
327,Cap Malheureux,MU,-19.9842,57.6142,79.47,68,5,5.99,clear sky
328,Belmonte,BR,-15.8631,-38.8828,72.03,84,28,10.67,scattered clouds
329,Hilpoltstein,DE,49.19,11.1886,57.24,81,53,6.78,broken clouds
330,Gogrial,SS,8.5332,28.1004,79.66,62,99,6.24,overcast clouds
331,Mwinilunga,ZM,-11.7358,24.4293,50.41,56,0,2.95,clear sky
332,Dicabisagan,PH,17.0818,122.4157,89.08,68,98,11.99,overcast clouds
333,Corning,US,42.1428,-77.0547,64.44,67,0,10.36,clear sky
334,Kavaratti,IN,10.5669,72.642,83.68,74,87,6.22,overcast clouds
335,Escanaba,US,45.7453,-87.0646,51.94,100,100,5.75,light rain
336,Zapadnaya Dvina,RU,56.259,32.0745,53.76,60,85,6.26,overcast clouds
337,Villa Corzo,MX,16.1667,-93.25,70.9,92,100,2.48,overcast clouds
338,Osmena,PH,10.5208,119.9258,85.23,69,99,10.04,overcast clouds
339,Sur,OM,22.5667,59.5289,97.0,34,0,14.09,clear sky
340,Klaksvik,FO,62.2266,-6.589,45.52,74,9,13.76,clear sky
341,Entre Rios,BR,-11.9419,-38.0844,68.45,97,100,3.78,overcast clouds
342,Tromso,NO,69.6496,18.957,61.38,58,0,5.75,clear sky
343,Eyl,SO,7.9803,49.8164,86.83,53,56,22.24,broken clouds
344,Sanandaj,IR,35.3144,46.9923,62.62,32,0,4.61,clear sky
345,Bodh Gaya,IN,24.7,84.9833,94.89,46,20,3.44,haze
346,Newton,US,42.337,-71.2092,55.9,64,0,8.05,clear sky
347,Kindu,CD,-2.95,25.95,69.03,95,99,0.76,overcast clouds
348,Lubao,PH,14.9167,120.55,94.71,56,100,7.11,overcast clouds
349,Ciudad Bolivar,VE,8.1222,-63.5497,77.72,78,43,11.18,scattered clouds
350,Manzanillo,CU,20.3433,-77.1167,73.6,89,11,9.17,few clouds
351,Thompson,CA,55.7435,-97.8558,51.96,62,75,6.91,broken clouds
352,Pandan,PH,14.0453,124.1694,88.3,65,86,6.38,overcast clouds
353,Rusape,ZW,-18.5278,32.1284,53.74,61,0,2.64,clear sky
354,Mahanje,TZ,-9.9333,35.3333,64.33,83,0,1.43,clear sky
355,Chicama,PE,-7.8447,-79.1469,59.54,85,48,5.55,scattered clouds
356,Joao Pinheiro,BR,-17.7425,-46.1725,59.05,73,44,8.81,scattered clouds
357,Olafsvik,IS,64.8945,-23.7142,41.49,87,92,10.18,overcast clouds
358,Bathsheba,BB,13.2167,-59.5167,81.21,78,20,16.11,few clouds
359,Ahipara,NZ,-35.1667,173.1667,59.07,74,23,7.7,few clouds
360,Inuvik,CA,68.3499,-133.7218,54.36,37,75,6.91,broken clouds
361,Malindi,KE,-3.2175,40.1191,78.96,89,40,8.05,scattered clouds
362,Oranjemund,NA,-28.55,16.4333,53.62,91,1,4.43,clear sky
363,Livani,LV,56.3543,26.1758,48.45,96,100,5.57,overcast clouds
364,Sitka,US,57.0531,-135.33,51.69,66,100,11.5,overcast clouds
365,Winslow,US,35.0242,-110.6974,60.98,16,0,5.75,clear sky
366,Kodinsk,RU,58.6881,99.1844,61.79,38,71,8.57,broken clouds
367,Tautira,PF,-17.7333,-149.15,79.47,73,18,11.74,few clouds
368,Vestmanna,FO,62.1564,-7.1664,43.72,76,75,14.97,drizzle
369,Presidente Olegario,BR,-18.4178,-46.4181,54.19,87,35,4.76,scattered clouds
370,Manta,EC,-0.95,-80.7333,73.18,83,100,11.5,overcast clouds
371,Altay,CN,47.8667,88.1167,79.39,34,100,2.59,moderate rain
372,Wanning,CN,18.8003,110.3967,88.03,69,100,11.88,overcast clouds
373,Cariati,IT,39.4922,16.9594,70.9,63,87,0.78,overcast clouds
374,Salalah,OM,17.0151,54.0924,84.13,67,33,5.79,scattered clouds
375,Lufilufi,WS,-13.8745,-171.5986,82.18,77,13,19.66,few clouds
376,Iquitos,PE,-3.7481,-73.2472,75.24,100,40,3.44,scattered clouds
377,Balkanabat,TM,39.5108,54.3671,67.14,46,80,1.74,broken clouds
378,Flinders,AU,-34.5833,150.8552,71.19,70,56,5.99,broken clouds
379,Bagdarin,RU,54.4333,113.6,70.48,23,89,13.53,overcast clouds
380,Yavatmal,IN,20.4,78.1333,99.41,25,43,11.83,scattered clouds
381,Abu Samrah,SY,35.3029,37.1841,72.37,34,0,2.24,clear sky
382,Opuwo,NA,-18.0607,13.84,54.79,38,0,5.91,clear sky
383,Santa Fe,AR,-31.6333,-60.7,53.02,88,96,8.01,overcast clouds
384,Clarence Town,AU,-32.5833,151.7833,69.62,66,24,1.86,few clouds
385,Anadyr,RU,64.75,177.4833,61.3,44,0,13.42,clear sky
386,Nelson Bay,AU,-32.7167,152.15,69.1,79,29,1.01,scattered clouds
387,Tutin,RS,42.9903,20.3314,60.42,58,56,2.71,broken clouds
388,Beringovskiy,RU,63.05,179.3167,48.11,55,70,8.66,broken clouds
389,Floro,NO,61.5996,5.0328,48.24,92,100,8.3,light rain
390,Darhan,MN,49.4867,105.9228,79.07,21,98,13.65,overcast clouds
391,Vakhtan,RU,57.9659,46.6889,44.2,82,99,9.73,overcast clouds
392,Ostrovnoy,RU,68.0531,39.5131,36.61,93,100,10.07,overcast clouds
393,Sovetskiy,RU,61.3614,63.5842,69.85,59,81,12.17,broken clouds
394,Mogadishu,SO,2.0371,45.3438,84.07,79,40,17.27,scattered clouds
395,Villa Carlos Paz,AR,-31.4241,-64.4978,48.4,54,86,1.99,overcast clouds
396,Huarmey,PE,-10.0681,-78.1522,63.61,88,31,6.8,scattered clouds
397,Garoua Boulai,CM,5.8833,14.55,62.04,98,20,2.75,few clouds
398,Batemans Bay,AU,-35.7167,150.1833,69.49,53,80,6.49,broken clouds
399,Torbay,CA,47.6666,-52.7314,40.57,78,40,14.97,scattered clouds
400,Progreso,MX,21.2833,-89.6667,84.31,77,63,13.69,broken clouds
401,Plettenberg Bay,ZA,-34.0527,23.3716,59.59,86,69,6.46,light rain
402,Markala,ML,13.7021,-6.0659,82.71,48,100,5.91,light rain
403,Porto Santo,PT,33.072,-16.3415,62.98,77,75,12.66,broken clouds
404,Saint-Georges,GD,12.0564,-61.7485,80.28,78,100,14.97,overcast clouds
405,Kaeo,NZ,-35.1,173.7833,59.32,78,38,3.18,scattered clouds
406,Bengkulu,ID,-3.8004,102.2655,84.83,59,98,5.99,overcast clouds
407,Maceio,BR,-9.6658,-35.7353,72.84,94,75,2.3,moderate rain
408,Cacheu,GW,12.2706,-16.1658,75.29,78,100,4.7,overcast clouds
409,Lahaina,US,20.8783,-156.6825,75.81,81,3,11.97,clear sky
410,Rognan,NO,67.0953,15.3878,53.74,86,95,4.63,overcast clouds
411,Khasan,RU,42.4308,130.6434,57.85,73,70,7.52,broken clouds
412,Trairi,BR,-3.2778,-39.2689,71.89,96,46,6.06,scattered clouds
413,Bindura,ZW,-17.3019,31.3306,62.58,47,0,1.68,clear sky
414,Rossosh,RU,51.1209,38.5116,61.25,66,28,8.59,scattered clouds
415,Santa Maria,BR,-29.6842,-53.8069,63.61,98,100,1.48,light rain
416,Ambilobe,MG,-13.2,49.05,79.68,57,2,2.59,clear sky
417,Touros,BR,-5.1989,-35.4608,74.16,93,97,8.84,overcast clouds
418,Kouango,CF,4.9934,19.9619,73.42,92,87,4.21,overcast clouds
419,Oga,IT,46.4631,10.347,51.8,89,81,1.79,broken clouds
420,Maymyo,MM,22.0333,96.4667,76.55,69,39,8.21,scattered clouds
421,Marabba,SD,12.35,32.1833,88.93,37,93,14.54,overcast clouds
422,Bandarbeyla,SO,9.4942,50.8122,91.2,51,81,18.14,broken clouds
423,Kuusamo,FI,65.9667,29.1833,46.44,71,0,8.05,clear sky
424,Fukue,JP,32.6881,128.8419,70.16,83,75,6.91,moderate rain
425,Baracoa,CU,20.3467,-74.4958,77.27,81,42,9.71,scattered clouds
426,Taonan,CN,45.3333,122.7833,66.43,53,100,15.12,moderate rain
427,Baruun-Urt,MN,46.6806,113.2792,76.06,13,0,8.77,clear sky
428,Nemuro,JP,43.3236,145.575,52.88,90,52,15.05,broken clouds
429,Buin,CL,-33.7333,-70.75,57.74,74,83,2.86,broken clouds
430,Umea,SE,63.8284,20.2597,49.93,100,100,4.61,light rain
431,Scarborough,GB,54.2797,-0.4044,52.79,84,77,4.0,broken clouds
432,Aklavik,CA,68.2191,-135.0107,48.47,70,27,3.74,scattered clouds
433,Novikovo,RU,51.1537,37.8879,62.44,63,47,8.59,scattered clouds
434,Portland,US,45.5234,-122.6762,64.98,73,40,8.05,scattered clouds
435,Camacha,PT,33.0833,-16.3333,60.22,77,75,12.66,broken clouds
436,Amazar,RU,53.858,120.875,80.01,16,47,9.13,scattered clouds
437,Nicoya,CR,10.1483,-85.452,74.34,96,100,1.07,overcast clouds
438,Erzurum,TR,40.0,41.5,44.28,47,1,4.32,clear sky
439,Mucuri,BR,-18.0864,-39.5508,71.01,82,4,10.2,clear sky
440,Mingshui,CN,36.7167,117.5,86.68,12,30,13.58,scattered clouds
441,Hamura,JP,35.7648,139.3079,78.24,43,20,16.11,few clouds
442,Huicheng,CN,23.0385,116.2899,82.26,82,70,9.26,broken clouds
443,Finschhafen,PG,-6.6024,147.8681,83.66,74,92,6.53,overcast clouds
444,Barranca,PE,-10.75,-77.7667,63.28,83,76,5.66,broken clouds
445,Musoma,TZ,-1.5,33.8,69.15,78,99,5.84,overcast clouds
446,Khani,GE,41.9563,42.9566,51.37,47,3,4.05,clear sky
447,Aripuana,BR,-9.1667,-60.6333,72.97,84,72,0.83,broken clouds
448,Igarka,RU,67.4667,86.5833,47.1,53,10,10.33,clear sky
449,Ondangwa,NA,-17.9167,15.95,54.86,39,0,7.09,clear sky
450,Puerto Madero,MX,14.7208,-92.4215,75.4,100,75,0.0,broken clouds
451,Great Yarmouth,GB,52.6083,1.7305,53.46,89,9,13.2,clear sky
452,Kieta,PG,-6.2167,155.6333,82.04,80,74,1.57,light rain
453,Catalina,US,32.5056,-110.9211,82.51,15,0,6.55,clear sky
454,Angoche,MZ,-16.2325,39.9086,74.89,73,0,6.31,clear sky
455,Varhaug,NO,58.6147,5.6457,49.89,84,72,20.51,broken clouds
456,Kenai,US,60.5544,-151.2583,62.02,75,0,9.22,clear sky
457,Manoel Urbano,BR,-8.8389,-69.2597,74.16,87,94,1.36,overcast clouds
458,Banyo,CM,6.75,11.8167,65.44,94,64,1.66,light rain
459,Yar-Sale,RU,66.8333,70.8333,50.94,48,100,18.63,overcast clouds
460,Bamiantong,CN,44.9333,130.5333,56.35,86,100,8.72,overcast clouds
461,Lima,PE,-12.0432,-77.0282,62.91,80,100,6.91,overcast clouds
462,Serebryansk,KZ,49.6925,83.2892,80.71,53,62,0.69,broken clouds
463,Sabha,LY,27.0377,14.4283,84.67,11,18,12.77,few clouds
464,Rutland,US,43.6167,-73.0162,58.98,87,0,6.91,clear sky
465,Naklo Nad Notecia,PL,53.1421,17.6018,55.44,80,39,12.53,scattered clouds
466,Narsaq,GL,60.9167,-46.05,35.82,64,8,4.76,clear sky
467,Umm Kaddadah,SD,13.6017,26.6876,86.45,6,86,14.92,overcast clouds
468,Asyut,EG,27.181,31.1837,82.27,24,0,13.89,clear sky
469,Palaikastron,GR,35.2,26.25,75.92,51,0,6.08,clear sky
470,Kamaishi,JP,39.2667,141.8833,65.66,75,97,12.97,overcast clouds
471,Itarema,BR,-2.9248,-39.9167,73.38,92,7,8.3,clear sky
472,Souillac,MU,-20.5167,57.5167,79.18,69,40,8.05,scattered clouds
473,Teguldet,RU,57.3064,88.1667,69.13,26,11,8.66,few clouds
474,Nuevo Casas Grandes,MX,30.4167,-107.9167,69.78,15,0,7.2,clear sky
475,Dawlatabad,AF,36.4141,64.9053,85.57,25,46,12.55,scattered clouds
476,San Cristobal,VE,7.7669,-72.225,73.58,95,100,3.62,overcast clouds
477,Half Moon Bay,US,37.4636,-122.4286,68.58,82,100,10.36,fog
478,Tura,IN,25.5198,90.2201,82.06,72,2,5.28,clear sky
479,Sibu,MY,2.3,111.8167,84.51,79,40,4.61,scattered clouds
480,Zima,RU,53.9202,102.0442,67.01,51,28,15.99,scattered clouds
481,Pivijay,CO,10.4617,-74.6162,76.48,91,100,3.85,overcast clouds
482,Oliveira,BR,-20.6964,-44.8272,52.7,91,0,3.22,clear sky
483,Tanda,IN,26.55,82.65,99.37,20,0,5.64,clear sky
484,Lata,PT,40.1629,-8.3327,62.08,60,5,5.35,clear sky
485,Hanmer Springs,NZ,-42.5167,172.8167,41.04,86,90,0.4,overcast clouds
486,Kodar,IN,16.9833,79.9667,105.31,20,49,8.84,scattered clouds
487,Pravokumskoye,RU,44.7694,44.6472,65.66,49,11,8.7,few clouds
488,San Jose,US,37.3394,-121.895,71.92,64,20,8.05,few clouds
489,Kalispell,US,48.1958,-114.3129,51.84,85,100,3.44,overcast clouds
490,Fairfield,US,41.2668,-73.3162,54.52,82,0,0.0,clear sky
491,Krasnoselkup,RU,65.7,82.4667,52.74,33,9,11.21,clear sky
492,Roros,NO,62.5747,11.3842,46.24,76,100,9.22,overcast clouds
493,Skibbereen,IE,51.55,-9.2667,57.11,89,100,19.82,overcast clouds
494,Goderich,CA,43.7501,-81.7165,64.72,68,100,14.97,overcast clouds
495,Hanzhong,CN,33.0728,107.0303,80.89,53,66,2.37,broken clouds
496,Tabas,IR,33.5959,56.9244,91.9,10,0,8.81,clear sky
497,Ryotsu,JP,38.0833,138.4333,73.4,58,100,2.39,overcast clouds
498,Qeshm,IR,26.9581,56.2719,89.47,63,0,4.32,clear sky
499,Monrovia,LR,6.3005,-10.7969,72.95,95,100,6.46,moderate rain
500,Simpang,ID,-1.2667,104.0833,87.98,59,97,3.47,overcast clouds
501,Whyalla,AU,-33.0333,137.5833,61.74,74,26,10.54,scattered clouds
502,Aparecida,BR,-22.8469,-45.2297,55.22,89,0,2.35,clear sky
503,Taihe,CN,30.8712,105.3845,74.62,75,100,5.41,overcast clouds
504,Vyshestebliyevskaya,RU,45.1961,37.0181,63.01,60,61,13.09,broken clouds
505,Ugoofaaru,MV,5.6667,73.0,82.98,76,77,11.12,broken clouds
506,Grindavik,IS,63.8424,-22.4338,42.75,87,75,16.11,broken clouds
507,Byron Bay,AU,-28.65,153.6167,64.71,71,16,7.83,light rain
508,Constitucion,CL,-35.3333,-72.4167,47.46,76,97,5.82,overcast clouds
509,Malmesbury,ZA,-33.4608,18.7271,58.78,93,23,0.69,few clouds
510,Bandar,ID,2.05,99.75,90.75,50,97,3.33,overcast clouds
511,Mount Darwin,ZW,-16.7725,31.5838,65.68,49,0,2.19,clear sky
512,Agadez,NE,19.75,10.25,86.13,23,57,7.4,broken clouds
513,Wattegama,LK,6.7989,81.4808,93.58,44,71,12.44,broken clouds
514,Jakarta,ID,-6.2146,106.8451,85.44,76,100,7.83,light rain
515,Pauini,BR,-7.7136,-66.9764,71.96,85,3,2.26,clear sky
516,Griffith,US,41.5284,-87.4237,71.46,87,75,12.66,broken clouds
517,Rawson,AR,-43.3002,-65.1023,40.42,39,0,7.83,clear sky
518,Celinac,BA,44.7228,17.3278,61.47,93,98,0.96,overcast clouds
519,Tsiroanomandidy,MG,-18.7667,46.0333,71.17,63,0,2.13,clear sky
520,Pevek,RU,69.7008,170.3133,32.29,85,91,9.4,overcast clouds
521,Abha,SA,18.2164,42.5053,71.85,20,11,0.0,few clouds
522,Airai,TL,-8.9266,125.4092,70.45,68,96,3.4,overcast clouds
523,Havelock,US,34.8791,-76.9013,66.18,95,100,5.75,overcast clouds
524,Sassandra,CI,4.95,-6.0833,74.46,93,81,2.75,moderate rain
525,Sagua La Grande,CU,22.8067,-80.0756,74.39,78,50,10.69,scattered clouds
526,Tulun,RU,54.5611,100.5792,69.21,34,23,15.46,few clouds
527,Henties Bay,NA,-22.116,14.2845,59.13,77,0,3.65,clear sky
528,Hetauda,NP,27.4284,85.0322,87.15,29,0,6.17,clear sky
529,Pakruojis,LT,55.9667,23.8667,52.59,81,35,14.85,scattered clouds
530,Yarkovo,RU,57.4028,67.0786,79.11,37,41,10.71,scattered clouds
531,Zhigansk,RU,66.7697,123.3711,39.56,57,80,22.73,broken clouds
532,Havre-Saint-Pierre,CA,50.2334,-63.5986,46.4,81,0,10.36,clear sky
533,Broome,US,42.2506,-75.833,61.57,69,100,11.5,overcast clouds
534,Talara,PE,-4.5772,-81.2719,66.22,83,60,12.17,broken clouds
535,Pandaria,IN,22.2333,81.4167,107.38,13,39,8.57,scattered clouds
536,Yamada,JP,39.4667,141.95,67.06,69,88,14.79,overcast clouds
537,Kandrian,PG,-6.2167,149.55,83.62,72,98,5.08,light rain
538,Katobu,ID,-4.9408,122.5276,87.39,63,94,4.05,overcast clouds
539,Mweka,CD,-4.85,21.5667,68.74,93,89,1.16,overcast clouds
540,Chivay,PE,-15.6383,-71.6011,44.22,44,99,2.48,overcast clouds
541,Pamanukan,ID,-6.2842,107.8106,77.97,86,100,8.52,moderate rain
542,Chico,US,39.7285,-121.8375,87.69,32,21,7.9,few clouds
543,Sao Joao Da Barra,BR,-21.6403,-41.0511,68.94,82,0,5.14,clear sky
544,Margate,GB,51.3813,1.3862,53.87,88,6,3.0,clear sky
545,Uzhur,RU,55.3036,89.8339,69.91,35,0,11.03,clear sky
546,Elkhart,US,41.5823,-85.8344,69.89,85,20,13.8,few clouds
547,Kavieng,PG,-2.5744,150.7967,83.08,72,98,6.91,overcast clouds
548,Surt,LY,31.2089,16.5887,80.1,30,0,12.21,clear sky
549,Sfantu Gheorghe,RO,45.8667,25.7833,63.66,83,92,5.93,overcast clouds
550,Weinan,CN,34.5036,109.5089,88.84,29,72,7.09,broken clouds
551,Oistins,BB,13.0667,-59.5333,80.69,78,20,16.11,few clouds
552,Muros,ES,42.7762,-9.0603,57.09,79,21,8.97,few clouds
553,Padang,ID,-0.9492,100.3543,87.85,63,76,6.46,broken clouds
554,La Palma,US,33.8464,-118.0467,67.57,86,75,1.99,broken clouds
555,Tigre,AR,-34.426,-58.5796,48.2,93,0,4.61,clear sky
556,Taksimo,RU,56.3444,114.8794,69.66,34,100,8.48,overcast clouds
557,Esterhazy,CA,50.65,-102.0843,56.25,83,100,7.9,overcast clouds
558,Inirida,CO,3.8653,-67.9239,72.39,98,40,1.61,scattered clouds
559,Neuquen,AR,-38.9516,-68.0591,35.49,87,0,2.3,clear sky
560,Garoua,CM,9.3,13.4,79.7,74,71,5.41,broken clouds
561,Sulangan,PH,11.1373,123.7228,86.0,66,100,4.65,overcast clouds
562,Beihai,CN,21.4833,109.1,83.5,80,80,11.27,light rain
563,Arman,RU,59.7,150.1667,41.02,99,100,3.87,light rain
564,Kapit,MY,2.0167,112.9333,85.24,69,100,2.35,overcast clouds
565,Santa Rosa,PH,14.3122,121.1114,93.11,67,100,3.91,overcast clouds
566,Asau,RO,46.4333,26.4,62.96,94,100,0.83,overcast clouds
567,Launceston,AU,-41.45,147.1667,58.8,83,100,3.44,overcast clouds
568,Beitbridge,ZW,-22.2167,30.0,70.39,36,0,5.48,clear sky
569,Bull Savanna,JM,17.8868,-77.5902,73.44,83,36,4.99,scattered clouds
570,Olinda,BR,-8.0089,-34.8553,73.13,94,75,6.91,broken clouds
571,Lasa,IT,46.6166,10.7002,55.69,79,55,1.7,broken clouds
572,Leamington,CA,42.0549,-82.6062,66.9,100,100,14.0,light rain
573,Ixtapa,MX,20.7,-105.2,76.23,83,100,0.0,overcast clouds
574,Paamiut,GL,61.994,-49.6678,35.64,71,81,11.05,broken clouds
575,Rafai,CF,4.95,23.9167,72.39,87,75,2.75,broken clouds
576,Gopalpur,IN,19.2667,84.9167,92.62,56,7,16.69,clear sky
577,Izhevskoye,RU,54.5567,40.8703,53.17,67,98,7.78,overcast clouds
578,Fort Nelson,CA,58.8053,-122.7002,49.59,71,40,4.61,scattered clouds
579,Kidodi,TZ,-7.6036,37.0044,76.06,82,59,1.54,broken clouds
580,Asfi,MA,32.2994,-9.2372,62.74,73,59,10.8,broken clouds
581,Kendari,ID,-3.945,122.4989,84.18,77,65,7.09,broken clouds
582,Prainha,BR,-1.8,-53.48,74.5,87,99,3.33,overcast clouds
583,Orthez,FR,43.4884,-0.7724,56.68,86,10,3.15,clear sky
584,Mahanoro,MG,-19.9,48.8,76.5,70,4,6.22,clear sky
585,Lhokseumawe,ID,5.1801,97.1507,85.93,66,98,7.67,overcast clouds
586,Alanya,TR,36.5438,31.9998,69.93,51,0,6.62,clear sky
587,Karpogory,RU,64.0019,44.4451,42.12,97,100,3.71,overcast clouds
588,Sakakah,SA,29.9697,40.2064,78.37,16,0,17.65,clear sky
589,Muyezerskiy,RU,63.9333,31.65,45.95,55,35,6.24,scattered clouds
590,Dolores,AR,-36.3132,-57.6792,38.08,84,5,6.35,clear sky
591,Teguise,ES,29.0605,-13.564,62.82,68,20,10.36,few clouds
592,Kirkwall,GB,58.9848,-2.9587,47.97,87,75,13.8,broken clouds
593,Rudnichnyy,RU,59.617,52.4703,46.89,62,100,9.95,overcast clouds
594,Bahia Blanca,AR,-38.7196,-62.2724,40.42,51,0,3.87,clear sky
595,Northam,GB,51.0333,-4.2167,55.62,90,99,15.61,overcast clouds
596,Elizabeth City,US,36.2946,-76.2511,63.01,98,100,6.22,overcast clouds
597,Dong Xoai,VN,11.5333,106.9167,81.97,82,100,1.3,light rain
598,Chiredzi,ZW,-21.05,31.6667,67.98,51,0,3.42,clear sky
599,Hovd,MN,48.0056,91.6419,81.63,17,100,1.45,overcast clouds
600,Brae,GB,60.3964,-1.353,48.78,76,16,14.63,few clouds
601,Sapele,NG,5.8941,5.6767,74.86,93,82,3.09,broken clouds
602,Morros,BR,-9.4467,-46.3003,68.2,70,38,4.0,scattered clouds
603,Cairns,AU,-16.9167,145.7667,82.35,70,75,14.97,light rain
604,Khovu-Aksy,RU,51.1333,93.6,75.65,36,100,5.1,light rain
605,Peniche,PT,39.3558,-9.3811,63.45,66,7,8.84,clear sky
606,Port Hedland,AU,-20.3167,118.5667,89.65,29,28,12.66,scattered clouds
607,Bay Roberts,CA,47.5999,-53.2648,42.15,80,39,5.99,scattered clouds
608,Taperoa,BR,-7.2075,-36.8267,68.32,95,100,11.92,overcast clouds
609,Kamenka,RU,51.3223,42.7678,56.07,65,75,9.28,broken clouds
610,Fort-Shevchenko,KZ,44.5086,50.263,64.83,57,6,9.24,clear sky
611,Urucara,BR,-2.5364,-57.76,72.09,94,12,2.42,few clouds
612,San Quintin,MX,30.4833,-115.95,60.51,85,0,3.04,clear sky
613,Kyshtovka,RU,56.555,76.6271,78.37,43,89,10.63,overcast clouds
614,Boa Vista,BR,2.8197,-60.6733,78.78,89,75,1.14,broken clouds
615,Dalbandin,PK,28.8947,64.4101,99.91,14,0,5.88,clear sky
616,Porto-Vecchio,FR,41.591,9.2795,67.66,88,0,5.75,clear sky
617,Horsham,GB,51.064,-0.3272,55.44,91,0,8.05,clear sky
618,High Level,CA,58.5169,-117.136,50.11,76,0,2.3,clear sky
619,Hami,CN,42.8,93.45,93.51,7,98,5.88,overcast clouds
620,Orlik,RU,52.5178,99.825,73.31,24,71,12.84,broken clouds
621,Yarada,IN,17.65,83.2667,91.72,66,20,11.5,haze
622,Walvis Bay,NA,-22.9575,14.5053,58.84,76,0,3.67,clear sky
623,Bontang,ID,0.1333,117.5,81.21,81,99,6.46,overcast clouds
624,Stephenville,US,32.2207,-98.2023,59.77,82,0,0.0,clear sky
625,Yaan,NG,7.3833,8.5667,73.83,92,99,5.99,overcast clouds
626,Bohicon,BJ,7.1783,2.0667,73.15,96,86,3.6,overcast clouds
627,Hay River,CA,60.8156,-115.7999,46.38,49,20,11.5,few clouds
628,Bukachacha,RU,52.9833,116.9167,79.14,15,25,12.68,scattered clouds
629,Ukiah,US,39.1502,-123.2078,73.29,46,0,0.0,clear sky
630,Okha,RU,53.5739,142.9478,46.22,77,100,8.84,overcast clouds
631,Labuhan,ID,-6.8844,112.2051,83.23,74,100,11.65,overcast clouds
632,Bouafle,CI,6.9904,-5.7442,72.97,98,97,2.33,light rain
633,Kaihua,CN,23.3687,104.28,78.76,68,89,7.74,overcast clouds
634,Honningsvag,NO,70.9821,25.9704,53.35,54,40,12.66,scattered clouds
635,Iisalmi,FI,63.5592,27.1907,51.51,53,99,9.51,overcast clouds
636,Matara,LK,5.9485,80.5353,82.87,79,52,10.71,broken clouds
637,Bantry,IE,51.6833,-9.45,56.79,92,100,14.65,overcast clouds
638,Areosa,PT,41.7178,-8.8571,58.93,72,12,5.06,few clouds
639,Diffa,NE,13.3154,12.6113,84.61,14,0,4.05,clear sky
640,Kingaroy,AU,-26.5333,151.8333,62.64,78,92,8.05,overcast clouds
641,Krasnozatonskiy,RU,61.6758,50.9794,52.02,50,20,11.18,few clouds
642,Uirauna,BR,-6.5183,-38.4122,69.48,94,97,4.09,overcast clouds
643,Brewster,US,41.3973,-73.6171,53.94,84,0,0.0,clear sky
644,Moravsky Krumlov,CZ,49.0489,16.3117,60.75,91,0,6.91,clear sky
645,Isfara,TJ,40.1265,70.6253,87.28,22,47,8.7,scattered clouds
646,Laredo,US,27.5064,-99.5075,75.49,64,0,6.91,clear sky
647,Kralendijk,BQ,12.15,-68.2667,80.58,83,75,17.27,broken clouds
648,Cabedelo,BR,-6.9811,-34.8339,72.27,84,92,11.9,overcast clouds
649,Lundazi,ZM,-12.2929,33.1782,68.9,67,31,4.88,scattered clouds
650,Catuday,PH,16.2923,119.8062,85.21,70,68,12.86,broken clouds
651,Wauconda,US,42.2589,-88.1393,69.44,94,100,5.01,moderate rain
652,Atar,MR,20.5169,-13.0499,86.22,14,57,8.79,broken clouds
653,Carlos Barbosa,BR,-29.2975,-51.5036,59.54,89,93,2.46,light rain
654,Coihaique,CL,-45.5752,-72.0662,30.15,93,0,4.61,clear sky
655,Denpasar,ID,-8.65,115.2167,80.26,94,75,3.44,thunderstorm with rain
656,Gornopravdinsk,RU,60.05,69.9,80.1,39,59,12.75,broken clouds
657,Luderitz,NA,-26.6481,15.1594,58.35,67,0,8.01,clear sky
658,Kauhajoki,FI,62.4333,22.1833,51.78,70,96,3.69,overcast clouds
659,Kysyl-Syr,RU,63.8986,122.7617,49.08,43,77,12.62,broken clouds
660,Sept-Iles,CA,50.2001,-66.3821,48.2,58,0,5.75,clear sky
661,Sharjah,AE,25.3573,55.4033,89.89,48,0,9.22,clear sky
662,Sakhipur,BD,24.3,90.1833,93.69,48,0,7.54,clear sky
663,Quthing,LS,-30.4,27.7003,50.18,67,0,1.5,clear sky
664,Nenjiang,CN,49.1833,125.2167,75.29,26,100,11.45,overcast clouds
665,Karpathos,GR,35.507,27.2132,75.16,64,0,10.36,clear sky
666,Jalu,LY,29.0331,21.5482,84.04,11,0,7.25,clear sky
667,Santa Isabel Do Rio Negro,BR,-0.4139,-65.0192,72.18,98,17,2.86,few clouds
668,Sabang,ID,5.8933,95.3214,84.42,73,100,17.56,overcast clouds
669,Nantucket,US,41.2835,-70.0995,54.01,77,0,6.91,clear sky
670,Ercis,TR,39.0287,43.3586,53.83,43,0,0.67,clear sky
671,Dingle,PH,10.9995,122.6711,89.89,58,100,5.88,overcast clouds
672,Luoyang,CN,34.6836,112.4536,88.47,13,75,4.45,broken clouds
673,Ust-Tsilma,RU,65.441,52.1498,53.11,95,100,9.22,moderate rain
674,Lubango,AO,-14.9172,13.4925,53.17,37,12,2.77,few clouds
675,Brejo Santo,BR,-7.4933,-38.9872,73.63,93,99,5.91,overcast clouds
676,Siva,EG,29.2041,25.5195,78.87,25,0,8.01,clear sky
677,Craig,US,40.5153,-107.5464,51.42,66,0,4.61,clear sky
678,Puerto Escondido,MX,15.85,-97.0667,80.65,80,100,4.38,overcast clouds
679,Malanje,AO,-9.5402,16.341,57.0,59,0,3.42,clear sky
680,Manvi,IN,15.9833,77.05,95.94,26,62,12.8,broken clouds
681,Viedma,AR,-40.8135,-62.9967,37.18,54,0,8.63,clear sky
682,Bonthe,SL,7.5264,-12.505,73.38,94,100,8.75,overcast clouds
